bond3m,bond6m,bond1y,bond2y,bond3y,bond5y,bond10y
3.32,3.38,3.4,3.4,3.38,3.5,3.8
3.32,3.38,3.39,3.39,3.38,3.49,3.79
3.32,3.38,3.39,3.39,3.38,3.49,3.79
3.32,3.37,3.39,3.39,3.34,3.5,3.79
3.32,3.36,3.39,3.38,3.33,3.5,3.79
3.33,3.36,3.4,3.39,3.35,3.52,3.79
3.33,3.36,3.4,3.39,3.35,3.52,3.79
3.33,3.36,3.4,3.4,3.36,3.52,3.81
3.33,3.36,3.39,3.39,3.35,3.5,3.8
3.33,3.36,3.38,3.38,3.34,3.49,3.79
3.33,3.36,3.37,3.37,3.33,3.48,3.7800000000000002
3.33,3.36,3.37,3.37,3.33,3.48,3.79
3.35,3.38,3.43,3.44,3.42,3.57,3.88
3.35,3.38,3.4,3.41,3.38,3.5300000000000002,3.83
3.35,3.38,3.39,3.39,3.36,3.51,3.83
3.35,3.38,3.4,3.4,3.36,3.51,3.83
3.35,3.38,3.41,3.41,3.37,3.52,3.84
3.36,3.39,3.42,3.42,3.38,3.5300000000000002,3.85
3.37,3.39,3.42,3.42,3.39,3.5300000000000002,3.85
3.37,3.39,3.42,3.42,3.39,3.52,3.85
3.36,3.38,3.4,3.38,3.34,3.46,3.79
