bond3m,bond6m,bond1y,bond2y,bond3y,bond5y,bond10y
2.82,2.82,2.8,2.77,2.75,2.83,3
2.83,2.83,2.81,2.79,2.77,2.86,3.02
2.81,2.81,2.79,2.76,2.74,2.82,2.98
2.81,2.81,2.8,2.77,2.75,2.83,2.99
2.85,2.85,2.85,2.83,2.82,2.9,3.06
2.84,2.84,2.84,2.82,2.8,2.88,3.04
2.82,2.82,2.82,2.8,2.7800000000000002,2.85,3.01
2.83,2.83,2.84,2.82,2.8,2.87,3.02
2.88,2.88,2.9,2.89,2.87,2.94,3.07
2.88,2.88,2.89,2.88,2.86,2.93,3.08
2.9,2.91,2.92,2.91,2.9,2.9699999999999998,3.13
2.87,2.88,2.89,2.88,2.86,2.94,3.09
2.89,2.9,2.91,2.9,2.88,2.9699999999999998,3.12
2.84,2.85,2.86,2.84,2.82,2.9,3.05
2.85,2.87,2.88,2.86,2.84,2.92,3.07
2.85,2.87,2.88,2.86,2.81,2.92,3.05
2.84,2.85,2.86,2.83,2.8,2.88,3.04
2.84,2.85,2.85,2.83,2.79,2.87,3.03
2.86,2.86,2.86,2.85,2.81,2.89,3.05
2.84,2.84,2.84,2.83,2.79,2.87,3.02
